{
"RECORDS":[
{
"id":158096,
"sid":150104,
"file_producer_id":150389,
"name":"营业执照",
"code":"营业执照",
"type_id":1,
"type_name":"营业执照",
"available_start":"1970\/1\/1",
"available_end":"2099\/12\/31",
"current_ver":1,
"files":"https:\/\/store1.s3.devops.viewchain.net\/150104\/kgQz6MlEMI05111347.jpg",
"status":1,
"status_disable":1,
"gmt_create":"2018\/5\/11 13:47:42",
"creator":150224,
"gmt_modify":null,
"modifier":null,
"from_v":0,
"producer_name":"李寅"
},
{
"id":158165,
"sid":150104,
"file_producer_id":150389,
"name":"lytest",
"code":"1111",
"type_id":4,
"type_name":"税务登记证",
"available_start":"1970\/1\/1",
"available_end":"2099\/12\/31",
"current_ver":1,
"files":"https:\/\/store1.s3.devops.viewchain.net\/150104\/SEycbQ12fc05111640.gif",
"status":1,
"status_disable":1,
"gmt_create":"2018\/5\/11 16:40:48",
"creator":150224,
"gmt_modify":null,
"modifier":null,
"from_v":0,
"producer_name":"李寅"
},
{
"id":161852,
"sid":150288,
"file_producer_id":151826,
"name":"518新厂商证件",
"code":"5180004",
"type_id":7,
"type_name":"组织机构代码证",
"available_start":"1970\/1\/1",
"available_end":"2099\/12\/31",
"current_ver":1,
"files":"https:\/\/store1.s3.devops.viewchain.net\/150288\/DptwqyV3jL05181035.jpg",
"status":1,
"status_disable":1,
"gmt_create":"2018\/5\/18 10:35:55",
"creator":0,
"gmt_modify":null,
"modifier":null,
"from_v":0,
"producer_name":"大连腾飞制药厂"
},
{
"id":161750,
"sid":150273,
"file_producer_id":151700,
"name":"ww",
"code":"wwww",
"type_id":10,
"type_name":"医疗器械生产企业许可证",
"available_start":"1970\/1\/1",
"available_end":"2099\/12\/31",
"current_ver":1,
"files":"https:\/\/store1.s3.devops.viewchain.net\/150273\/8YanoVTKJj05170915.jpg",
"status":1,
"status_disable":1,
"gmt_create":"2018\/5\/17 09:15:41",
"creator":0,
"gmt_modify":null,
"modifier":null,
"from_v":0,
"producer_name":"生产厂商"
},
{
"id":160841,
"sid":75,
"file_producer_id":151628,
"name":"X厂商证件",
"code":"X厂商证件编号",
"type_id":13,
"type_name":"其他证件",
"available_start":"1970\/1\/1",
"available_end":"2099\/12\/31",
"current_ver":1,
"files":"https:\/\/store1.s3.devops.viewchain.net\/75\/rtBQQdNUSC05141532.jpg",
"status":1,
"status_disable":1,
"gmt_create":"2018\/5\/14 15:32:26",
"creator":84,
"gmt_modify":null,
"modifier":null,
"from_v":0,
"producer_name":"新建厂商"
},
{
"id":160844,
"sid":75,
"file_producer_id":151628,
"name":"Y厂商证件",
"code":"Y厂商证件编号",
"type_id":65,
"type_name":"三证合一（营业执照，税务登记证，组织机构代码证）",
"available_start":"1970\/1\/1",
"available_end":"2099\/12\/31",
"current_ver":1,
"files":"https:\/\/store1.s3.devops.viewchain.net\/75\/i0WGAg6kxx05141534.jpg",
"status":1,
"status_disable":1,
"gmt_create":"2018\/5\/14 15:34:08",
"creator":0,
"gmt_modify":null,
"modifier":null,
"from_v":0,
"producer_name":"新建厂商"
},
{
"id":175639,
"sid":150168,
"file_producer_id":152942,
"name":"082852",
"code":"082852",
"type_id":78,
"type_name":"医疗器械生产备案",
"available_start":"1970\/1\/1",
"available_end":"2099\/12\/31",
"current_ver":1,
"files":"https:\/\/store1.s3.devops.viewchain.net\/150168\/eDMCy9oxdg08281346.png",
"status":1,
"status_disable":1,
"gmt_create":"2018\/8\/28 13:46:44",
"creator":150999,
"gmt_modify":null,
"modifier":null,
"from_v":0,
"producer_name":"GS1厂商"
},
{
"id":175642,
"sid":150168,
"file_producer_id":152942,
"name":"082853",
"code":"082853",
"type_id":84,
"type_name":"授权书",
"available_start":"1970\/1\/1",
"available_end":"2099\/12\/31",
"current_ver":1,
"files":"https:\/\/store1.s3.devops.viewchain.net\/150168\/WFuuP0uGVg08281347.png",
"status":1,
"status_disable":1,
"gmt_create":"2018\/8\/28 13:47:02",
"creator":150999,
"gmt_modify":null,
"modifier":null,
"from_v":0,
"producer_name":"GS1厂商"
}
]
}